<?xml version="1.0" encoding="UTF-8"?>
<manifest identifier="man00001" xmlns:bb="http://www.blackboard.com/content-packaging/"><organizations
   default="toc00001"><organization identifier="toc00001"><item identifier="itm00001"
    identifierref="res00005"><title>Module Homepage</title></item><item identifier="itm00002"
     identifierref="res00006"><title>Module Information</title><item identifier="itm00011"
      identifierref="res00016"><title>--TOP--</title><item identifier="itm00012"
    identifierref="res00017"><title>Module Description</title></item></item></item><item identifier="itm00003"
    identifierref="res00007"><title>divider_1496324965511</title></item><item identifier="itm00004"
     identifierref="res00008"><title>Learning Resources</title><item identifier="itm00013"
      identifierref="res00018"><title>--TOP--</title><item identifier="itm00014"
    identifierref="res00019"><title>&lt;i class="fa fa-search"&gt;&lt;/i&gt; Content Filter</title></item></item></item><item
    identifier="itm00005" identifierref="res00009"><title>Reading List</title></item><item identifier="itm00006"
    identifierref="res00010"><title>divider_1496324966945</title></item><item identifier="itm00007"
     identifierref="res00011"><title>Assessment</title><item identifier="itm00015"
      identifierref="res00020"><title>--TOP--</title><item identifier="itm00016"
       identifierref="res00021"><title>Assignment Submission Dropboxes</title><item identifier="itm00020"
       identifierref="res00025"><title>&lt;i class="fa fa-check-square-o"&gt;&lt;/i&gt; Submission Checklist</title></item><item
       identifier="itm00022" identifierref="res00027"><title>Keele University Turnitin Support</title></item><item
       identifier="itm00024" identifierref="res00029"><title>How to Submit an Assignment to Turnitin</title></item><item
       identifier="itm00025"
      identifierref="res00030"><title>How to Access Assignment Feedback and Grades in Turnitin</title></item></item><item
      identifier="itm00017" identifierref="res00022"><title>Keele University Examinations</title></item><item
      identifier="itm00018"
       identifierref="res00023"><title>StudyWrite: Interactive Resources for Academic Scholarship</title><item
       identifier="itm00019" identifierref="res00024"><title>StudyWrite Plagiarism</title></item><item
       identifier="itm00021" identifierref="res00026"><title>StudyWrite Referencing</title></item><item
       identifier="itm00023"
    identifierref="res00028"><title>StudyWrite Note Taking</title></item></item></item></item><item
    identifier="itm00008" identifierref="res00012"><title>My Grades</title></item><item identifier="itm00009"
    identifierref="res00013"><title>divider_1496325065286</title></item><item identifier="itm00010"
     identifierref="res00014"><title>Study Support</title><item identifier="itm00026"
      identifierref="res00031"><title>--TOP--</title><item identifier="itm00027"
       identifierref="res00032"><title>StudyWrite: Interactive Resources for Academic Scholarship</title><item
       identifier="itm00033" identifierref="res00038"><title>StudyWrite Plagiarism</title></item><item
       identifier="itm00034" identifierref="res00039"><title>StudyWrite Referencing</title></item><item
       identifier="itm00035" identifierref="res00040"><title>StudyWrite Note Taking</title></item></item><item
      identifier="itm00028" identifierref="res00033"><title>Keele Library</title></item><item identifier="itm00029"
      identifierref="res00034"><title>Student Services</title></item><item identifier="itm00030"
      identifierref="res00035"><title>Academic English Support for International Students</title></item><item
      identifier="itm00031" identifierref="res00036"><title>Advice and Support at Keele (ASK)</title></item><item
      identifier="itm00032"
   identifierref="res00037"><title>IT Services</title></item></item></item></organization></organizations><resources><resource
   bb:file="res00001.dat" bb:title="SSPP KLE Template [SSPP-00005-2016-ANY-A]" identifier="res00001"
   type="course/x-bb-coursesetting" xml:base="res00001"/><resource bb:file="res00002.dat"
   bb:title="Learning Standard Sub Document Associations" identifier="res00002" type="course/x-bb-subdocassociation"
   xml:base="res00002"/><resource bb:file="res00003.dat" bb:title="Course Application Settings" identifier="res00003"
   type="course/x-bb-courseappsetting" xml:base="res00003"/><resource bb:file="res00004.dat"
   bb:title="Course Navigation Settings" identifier="res00004" type="course/x-bb-coursenavsetting"
   xml:base="res00004"/><resource bb:file="res00005.dat" bb:title="Module Homepage" identifier="res00005"
   type="course/x-bb-coursetoc" xml:base="res00005"/><resource bb:file="res00006.dat" bb:title="Module Information"
   identifier="res00006" type="course/x-bb-coursetoc" xml:base="res00006"/><resource bb:file="res00007.dat"
   bb:title="divider_1496324965511" identifier="res00007" type="course/x-bb-coursetoc" xml:base="res00007"/><resource
   bb:file="res00008.dat" bb:title="Learning Resources" identifier="res00008" type="course/x-bb-coursetoc"
   xml:base="res00008"/><resource bb:file="res00009.dat" bb:title="Reading List" identifier="res00009"
   type="course/x-bb-coursetoc" xml:base="res00009"/><resource bb:file="res00010.dat" bb:title="divider_1496324966945"
   identifier="res00010" type="course/x-bb-coursetoc" xml:base="res00010"/><resource bb:file="res00011.dat"
   bb:title="Assessment" identifier="res00011" type="course/x-bb-coursetoc" xml:base="res00011"/><resource
   bb:file="res00012.dat" bb:title="My Grades" identifier="res00012" type="course/x-bb-coursetoc"
   xml:base="res00012"/><resource bb:file="res00013.dat" bb:title="divider_1496325065286" identifier="res00013"
   type="course/x-bb-coursetoc" xml:base="res00013"/><resource bb:file="res00014.dat" bb:title="Study Support"
   identifier="res00014" type="course/x-bb-coursetoc" xml:base="res00014"/><resource bb:file="res00015.dat"
   bb:title="Content Handler Data" identifier="res00015" type="course/x-bb-contenthandler"
   xml:base="res00015"/><resource bb:file="res00016.dat" bb:title="--TOP--" identifier="res00016"
   type="resource/x-bb-document" xml:base="res00016"/><resource bb:file="res00017.dat" bb:title="Module Description"
   identifier="res00017" type="resource/x-bb-document" xml:base="res00017"/><resource bb:file="res00018.dat"
   bb:title="--TOP--" identifier="res00018" type="resource/x-bb-document" xml:base="res00018"/><resource
   bb:file="res00019.dat" bb:title="&lt;i class=&quot;fa fa-search&quot;>&lt;/i> Content Filter" identifier="res00019"
   type="resource/x-bb-document" xml:base="res00019"/><resource bb:file="res00020.dat" bb:title="--TOP--"
   identifier="res00020" type="resource/x-bb-document" xml:base="res00020"/><resource bb:file="res00021.dat"
   bb:title="Assignment Submission Dropboxes" identifier="res00021" type="resource/x-bb-document"
   xml:base="res00021"/><resource bb:file="res00022.dat" bb:title="Keele University Examinations" identifier="res00022"
   type="resource/x-bb-document" xml:base="res00022"/><resource bb:file="res00023.dat"
   bb:title="StudyWrite: Interactive Resources for Academic Scholarship" identifier="res00023"
   type="resource/x-bb-document" xml:base="res00023"/><resource bb:file="res00024.dat" bb:title="StudyWrite Plagiarism"
   identifier="res00024" type="resource/x-bb-document" xml:base="res00024"/><resource bb:file="res00025.dat"
   bb:title="&lt;i class=&quot;fa fa-check-square-o&quot;>&lt;/i> Submission Checklist" identifier="res00025"
   type="resource/x-bb-document" xml:base="res00025"/><resource bb:file="res00026.dat" bb:title="StudyWrite Referencing"
   identifier="res00026" type="resource/x-bb-document" xml:base="res00026"/><resource bb:file="res00027.dat"
   bb:title="Keele University Turnitin Support" identifier="res00027" type="resource/x-bb-document"
   xml:base="res00027"/><resource bb:file="res00028.dat" bb:title="StudyWrite Note Taking" identifier="res00028"
   type="resource/x-bb-document" xml:base="res00028"/><resource bb:file="res00029.dat"
   bb:title="How to Submit an Assignment to Turnitin" identifier="res00029" type="resource/x-bb-document"
   xml:base="res00029"/><resource bb:file="res00030.dat"
   bb:title="How to Access Assignment Feedback and Grades in Turnitin" identifier="res00030"
   type="resource/x-bb-document" xml:base="res00030"/><resource bb:file="res00031.dat" bb:title="--TOP--"
   identifier="res00031" type="resource/x-bb-document" xml:base="res00031"/><resource bb:file="res00032.dat"
   bb:title="StudyWrite: Interactive Resources for Academic Scholarship" identifier="res00032"
   type="resource/x-bb-document" xml:base="res00032"/><resource bb:file="res00033.dat" bb:title="Keele Library"
   identifier="res00033" type="resource/x-bb-document" xml:base="res00033"/><resource bb:file="res00034.dat"
   bb:title="Student Services" identifier="res00034" type="resource/x-bb-document" xml:base="res00034"/><resource
   bb:file="res00035.dat" bb:title="Academic English Support for International Students" identifier="res00035"
   type="resource/x-bb-document" xml:base="res00035"/><resource bb:file="res00036.dat"
   bb:title="Advice and Support at Keele (ASK)" identifier="res00036" type="resource/x-bb-document"
   xml:base="res00036"/><resource bb:file="res00037.dat" bb:title="IT Services" identifier="res00037"
   type="resource/x-bb-document" xml:base="res00037"/><resource bb:file="res00038.dat" bb:title="StudyWrite Plagiarism"
   identifier="res00038" type="resource/x-bb-document" xml:base="res00038"/><resource bb:file="res00039.dat"
   bb:title="StudyWrite Referencing" identifier="res00039" type="resource/x-bb-document" xml:base="res00039"/><resource
   bb:file="res00040.dat" bb:title="StudyWrite Note Taking" identifier="res00040" type="resource/x-bb-document"
   xml:base="res00040"/><resource bb:file="res00041.dat" bb:title="Course Module Pages" identifier="res00041"
   type="course/x-bb-coursemodulepages" xml:base="res00041"/><resource bb:file="res00042.dat" bb:title=""
   identifier="res00042" type="resource/x-bb-link" xml:base="res00042"/><resource bb:file="res00043.dat"
   bb:title="CSResourceLinks" identifier="res00043" type="course/x-bb-csresourcelinks" xml:base="res00043"/><resource
   bb:file="res00044.dat" bb:title="bbsync.modules.SSPP-00005-2016-ANY-A" identifier="res00044"
   type="resource/x-mhhe-course-cx" xml:base="res00044"/></resources></manifest>
