<?xml version="1.0" encoding="UTF-8"?>
<manifest identifier="man00001" xmlns:bb="http://www.blackboard.com/content-packaging/"><organizations
   default="toc00001"><organization identifier="toc00001"><item identifier="itm00001"
    identifierref="res00006"><title>Module Homepage</title></item><item identifier="itm00002"
    identifierref="res00007"><title>Announcements</title></item><item identifier="itm00003"
     identifierref="res00008"><title>Module Information</title><item identifier="itm00021"
      identifierref="res00028"><title>--TOP--</title><item identifier="itm00022"
    identifierref="res00029"><title>SAHP Staff Contacts</title></item></item></item><item identifier="itm00004"
    identifierref="res00009"><title>divider_1564470063362</title></item><item identifier="itm00005"
     identifierref="res00010"><title>Lecture Notes</title><item identifier="itm00023"
    identifierref="res00030"><title>--TOP--</title></item></item><item identifier="itm00006"
     identifierref="res00011"><title>Learning Resources</title><item identifier="itm00024"
    identifierref="res00031"><title>--TOP--</title></item></item><item identifier="itm00007"
    identifierref="res00012"><title>divider_1564470606787</title></item><item identifier="itm00008"
     identifierref="res00013"><title>Assessments</title><item identifier="itm00025"
      identifierref="res00032"><title>--TOP--</title><item identifier="itm00026"
       identifierref="res00033"><title>Turnitin Assessment Dropboxes (TADs) (Click to Open)</title><item
       identifier="itm00028" identifierref="res00035"><title>How to Submit to Turnitin</title></item><item
       identifier="itm00029" identifierref="res00036"><title>Submission Template</title></item><item
       identifier="itm00030" identifierref="res00037"><title>Before you submit.....</title></item></item><item
      identifier="itm00027" identifierref="res00034"><title>STAFF SUPPORT:</title></item></item></item><item
    identifier="itm00009" identifierref="res00014"><title>My Marks</title></item><item identifier="itm00010"
    identifierref="res00015"><title>divider_1564470498691</title></item><item identifier="itm00011"
    identifierref="res00016"><title>Video Library</title></item><item identifier="itm00012"
    identifierref="res00017"><title>PlayBack</title></item><item identifier="itm00013"
    identifierref="res00018"><title>SIF</title></item><item identifier="itm00014"
    identifierref="res00019"><title>divider_1564470693475</title></item><item identifier="itm00015"
    identifierref="res00020"><title>Groups</title></item><item identifier="itm00016"
    identifierref="res00021"><title>Help</title></item><item identifier="itm00017"
    identifierref="res00022"><title>divider_1564470831619</title></item><item identifier="itm00018"
    identifierref="res00023"><title>STAFF - Tools</title></item><item identifier="itm00019"
    identifierref="res00024"><title>STAFF - PlayBack Editor</title></item><item identifier="itm00020"
     identifierref="res00025"><title>STAFF - External Examiner Area</title><item identifier="itm00031"
      identifierref="res00038"><title>--TOP--</title><item identifier="itm00032"
      identifierref="res00039"><title>Module Handbook</title></item><item identifier="itm00033"
      identifierref="res00040"><title>Module Timetable</title></item><item identifier="itm00034"
      identifierref="res00041"><title>Module ILOs</title></item><item identifier="itm00035"
      identifierref="res00042"><title>Formative Assessment</title></item><item identifier="itm00036"
      identifierref="res00043"><title>Assessment information and guidance (students)</title></item><item
      identifier="itm00037"
      identifierref="res00044"><title>Assessment information and guidance (examiners)</title></item><item
      identifier="itm00038" identifierref="res00045"><title>Assessment material</title></item><item
      identifier="itm00039"
   identifierref="res00046"><title>Internal moderation processes</title></item></item></item></organization></organizations><resources><resource
   bb:file="res00001.dat" bb:title="SAHP Template Design Area [SAHP-00001-2019-ANY-A]" identifier="res00001"
   type="course/x-bb-coursesetting" xml:base="res00001"/><resource bb:file="res00002.dat" bb:title="Terms"
   identifier="res00002" type="course/x-bb-terms" xml:base="res00002"/><resource bb:file="res00003.dat"
   bb:title="Learning Standard Sub Document Associations" identifier="res00003" type="course/x-bb-subdocassociation"
   xml:base="res00003"/><resource bb:file="res00004.dat" bb:title="Course Application Settings" identifier="res00004"
   type="course/x-bb-courseappsetting" xml:base="res00004"/><resource bb:file="res00005.dat"
   bb:title="Course Navigation Settings" identifier="res00005" type="course/x-bb-coursenavsetting"
   xml:base="res00005"/><resource bb:file="res00006.dat" bb:title="Module Homepage" identifier="res00006"
   type="course/x-bb-coursetoc" xml:base="res00006"/><resource bb:file="res00007.dat" bb:title="Announcements"
   identifier="res00007" type="course/x-bb-coursetoc" xml:base="res00007"/><resource bb:file="res00008.dat"
   bb:title="Module Information" identifier="res00008" type="course/x-bb-coursetoc" xml:base="res00008"/><resource
   bb:file="res00009.dat" bb:title="divider_1564470063362" identifier="res00009" type="course/x-bb-coursetoc"
   xml:base="res00009"/><resource bb:file="res00010.dat" bb:title="Lecture Notes" identifier="res00010"
   type="course/x-bb-coursetoc" xml:base="res00010"/><resource bb:file="res00011.dat" bb:title="Learning Resources"
   identifier="res00011" type="course/x-bb-coursetoc" xml:base="res00011"/><resource bb:file="res00012.dat"
   bb:title="divider_1564470606787" identifier="res00012" type="course/x-bb-coursetoc" xml:base="res00012"/><resource
   bb:file="res00013.dat" bb:title="Assessments" identifier="res00013" type="course/x-bb-coursetoc"
   xml:base="res00013"/><resource bb:file="res00014.dat" bb:title="My Marks" identifier="res00014"
   type="course/x-bb-coursetoc" xml:base="res00014"/><resource bb:file="res00015.dat" bb:title="divider_1564470498691"
   identifier="res00015" type="course/x-bb-coursetoc" xml:base="res00015"/><resource bb:file="res00016.dat"
   bb:title="Video Library" identifier="res00016" type="course/x-bb-coursetoc" xml:base="res00016"/><resource
   bb:file="res00017.dat" bb:title="PlayBack" identifier="res00017" type="course/x-bb-coursetoc"
   xml:base="res00017"/><resource bb:file="res00018.dat" bb:title="SIF" identifier="res00018"
   type="course/x-bb-coursetoc" xml:base="res00018"/><resource bb:file="res00019.dat" bb:title="divider_1564470693475"
   identifier="res00019" type="course/x-bb-coursetoc" xml:base="res00019"/><resource bb:file="res00020.dat"
   bb:title="Groups" identifier="res00020" type="course/x-bb-coursetoc" xml:base="res00020"/><resource
   bb:file="res00021.dat" bb:title="Help" identifier="res00021" type="course/x-bb-coursetoc"
   xml:base="res00021"/><resource bb:file="res00022.dat" bb:title="divider_1564470831619" identifier="res00022"
   type="course/x-bb-coursetoc" xml:base="res00022"/><resource bb:file="res00023.dat" bb:title="STAFF - Tools"
   identifier="res00023" type="course/x-bb-coursetoc" xml:base="res00023"/><resource bb:file="res00024.dat"
   bb:title="STAFF - PlayBack Editor" identifier="res00024" type="course/x-bb-coursetoc" xml:base="res00024"/><resource
   bb:file="res00025.dat" bb:title="STAFF - External Examiner Area" identifier="res00025" type="course/x-bb-coursetoc"
   xml:base="res00025"/><resource bb:file="res00026.dat" bb:title="Content Handler Data" identifier="res00026"
   type="course/x-bb-contenthandler" xml:base="res00026"/><resource bb:file="res00027.dat" bb:title="Conferences"
   identifier="res00027" type="resource/x-bb-conference" xml:base="res00027"/><resource bb:file="res00028.dat"
   bb:title="--TOP--" identifier="res00028" type="resource/x-bb-document" xml:base="res00028"/><resource
   bb:file="res00029.dat" bb:title="SAHP Staff Contacts" identifier="res00029" type="resource/x-bb-document"
   xml:base="res00029"/><resource bb:file="res00030.dat" bb:title="--TOP--" identifier="res00030"
   type="resource/x-bb-document" xml:base="res00030"/><resource bb:file="res00031.dat" bb:title="--TOP--"
   identifier="res00031" type="resource/x-bb-document" xml:base="res00031"/><resource bb:file="res00032.dat"
   bb:title="--TOP--" identifier="res00032" type="resource/x-bb-document" xml:base="res00032"/><resource
   bb:file="res00033.dat" bb:title="Turnitin Assessment Dropboxes (TADs) (Click to Open)" identifier="res00033"
   type="resource/x-bb-document" xml:base="res00033"/><resource bb:file="res00034.dat" bb:title="STAFF SUPPORT:"
   identifier="res00034" type="resource/x-bb-document" xml:base="res00034"/><resource bb:file="res00035.dat"
   bb:title="How to Submit to Turnitin" identifier="res00035" type="resource/x-bb-document"
   xml:base="res00035"/><resource bb:file="res00036.dat" bb:title="Submission Template" identifier="res00036"
   type="resource/x-bb-document" xml:base="res00036"/><resource bb:file="res00037.dat" bb:title="Before you submit....."
   identifier="res00037" type="resource/x-bb-document" xml:base="res00037"/><resource bb:file="res00038.dat"
   bb:title="--TOP--" identifier="res00038" type="resource/x-bb-document" xml:base="res00038"/><resource
   bb:file="res00039.dat" bb:title="Module Handbook" identifier="res00039" type="resource/x-bb-document"
   xml:base="res00039"/><resource bb:file="res00040.dat" bb:title="Module Timetable" identifier="res00040"
   type="resource/x-bb-document" xml:base="res00040"/><resource bb:file="res00041.dat" bb:title="Module ILOs"
   identifier="res00041" type="resource/x-bb-document" xml:base="res00041"/><resource bb:file="res00042.dat"
   bb:title="Formative Assessment" identifier="res00042" type="resource/x-bb-document" xml:base="res00042"/><resource
   bb:file="res00043.dat" bb:title="Assessment information and guidance (students)" identifier="res00043"
   type="resource/x-bb-document" xml:base="res00043"/><resource bb:file="res00044.dat"
   bb:title="Assessment information and guidance (examiners)" identifier="res00044" type="resource/x-bb-document"
   xml:base="res00044"/><resource bb:file="res00045.dat" bb:title="Assessment material" identifier="res00045"
   type="resource/x-bb-document" xml:base="res00045"/><resource bb:file="res00046.dat"
   bb:title="Internal moderation processes" identifier="res00046" type="resource/x-bb-document"
   xml:base="res00046"/><resource bb:file="res00047.dat" bb:title="Course Module Pages" identifier="res00047"
   type="course/x-bb-coursemodulepages" xml:base="res00047"/><resource bb:file="res00048.dat" bb:title="LearnRubrics"
   identifier="res00048" type="course/x-bb-rubrics" xml:base="res00048"/><resource bb:file="res00049.dat"
   bb:title="Gradebook" identifier="res00049" type="course/x-bb-gradebook" xml:base="res00049"/><resource
   bb:file="res00050.dat" bb:title="" identifier="res00050" type="resource/x-bb-link" xml:base="res00050"/><resource
   bb:file="res00051.dat" bb:title="CourseRubricAssociation" identifier="res00051"
   type="course/x-bb-crsrubricassocation" xml:base="res00051"/><resource bb:file="res00052.dat" bb:title="BB_EWS_RULE_"
   identifier="res00052" type="resource/x-bb-retention" xml:base="res00052"/><resource bb:file="res00053.dat"
   bb:title="bbsync.modules.SAHP-00001-2019-ANY-A" identifier="res00053" type="resource/x-mhhe-course-cx" xml:base="res00053"/></resources></manifest>
